driverId,name,ssn,location,certified,wage-plan
10,Brett Mata,863-33-0683,"5822 Alexander Isle
Murphyfort, NY 63824",Y,miles
11,Sophia Smith,115-55-0659,"069 Leslie Ridge Apt. 152
North Martha, OK 82524",Y,hours
12,Catherine Johnson,821-12-2249,"0643 Bonnie Groves
Kylehaven, OR 27145",N,hours
13,Grace Mclaughlin,053-66-6604,"2594 Donna Gardens Apt. 117
West Terrimouth, CA 72542",Y,miles
14,Chelsey Figueroa,417-65-0940,"PSC 4969, Box 8477
APO AE 71396",N,miles
15,Evelyn Williams,648-70-1908,"164 Allison Park Apt. 524
Lake Jasonberg, SD 40807",Y,miles
16,Kelly Ramirez,260-80-3285,"58272 Jason Wells Suite 900
Stephensland, OK 11129",N,hours
17,Eric Price MD,371-48-0174,"718 Martin Crest
South Markside, PW 57466",Y,miles
18,Joshua Ray,233-87-9048,"Unit 3702 Box 7219
DPO AA 61090",Y,hours
19,David Ali,866-88-6153,"574 Nicolas Rapids Apt. 971
Grayfurt, MH 14951",Y,hours
20,Benjamin James,571-51-3818,"955 Denise Ford
Hollyborough, LA 53517",Y,miles
21,Julie Fuller,115-66-1142,"4126 Theresa Turnpike
Williamsville, CA 35942",N,miles
22,Jill Brady,266-10-1657,"3587 Matthew Points Apt. 915
South Moniqueside, VA 82150",Y,hours
23,Ms. Terry Small,219-71-6208,"4694 Lisa Views
Carrieside, ID 88388",Y,hours
24,Melissa Miranda,738-66-3220,"449 Smith Drives
Perezborough, PW 37967",Y,miles
25,Kelly Mason,191-60-8526,"685 Daniel Forks
Port Victoriafort, NY 39722",N,hours
26,Lee Wells,732-16-7471,"991 Krista Mountains
South Thomasport, RI 10553",Y,hours
27,Phillip Daniels,273-83-9872,"926 Lawrence Squares
East Robertberg, IA 34127",Y,hours
28,Mr. Paul Coleman III,522-04-9382,"USCGC Hudson
FPO AA 26625",Y,hours
29,Thomas Martinez,650-79-3643,"3373 Dawn Harbors
North John, NJ 05278",Y,hours
30,Stephanie Sawyer,485-39-6150,"93118 Anthony Bridge
Amyton, AK 23187",Y,miles
31,Megan Tucker,797-41-3869,"248 Jenna Forks
North Kenneth, WY 46972",Y,miles
32,Robert Jones,653-41-0257,"3417 George Passage Suite 167
Charlesfort, KS 15041",N,hours
33,Rhonda Hernandez,467-64-5068,"3813 Ramsey Motorway Suite 931
North Dustinmouth, MS 68635",Y,hours
34,William Smith,726-89-9055,"98704 Martinez Turnpike Apt. 812
West Stephaniemouth, MP 52798",N,hours
35,Ricardo Trujillo,835-30-4222,"7808 Castillo Springs
West Walter, MH 34064",Y,hours
36,Donald Watson,646-77-5237,"97339 Carol Villages
Mikehaven, DE 67674",Y,miles
37,John Taylor,449-24-8634,"703 Gibson Pass
Port Peggytown, LA 16292",N,hours
38,Tyler Santos,179-54-9148,"USNV Weiss
FPO AE 23923",Y,miles
39,Kevin Tucker,608-63-6426,"03722 Natalie Creek
Port Donnastad, PR 23178",N,miles
40,James Lee,786-08-5622,"63041 Vargas Throughway
Port Ryan, WY 35439",Y,miles
41,Tiffany Kennedy,331-20-3413,"435 Tara Ridge
Melissaville, OH 49336",N,hours
42,Victoria Tran,399-81-5494,"29819 Miller Islands Suite 567
Pierceview, MA 73610",N,hours
43,Julia Payne,480-66-1276,"USNS Perez
FPO AE 36137",Y,hours
44,Rachel Orr,124-17-1647,"4139 Alexandra Lodge
North Erinfurt, MD 17520",Y,miles
45,Julia Marshall,723-34-1457,"2787 Marshall Burg Suite 802
Olsonmouth, NY 79567",Y,miles
46,William Middleton,208-96-4989,"714 Miles Vista Suite 762
Natashatown, WI 40688",Y,hours
47,Nicole Morales,435-48-5178,"4699 Stephanie Cliff
North Juanview, IN 86012",Y,miles
48,Ricky Salazar,350-71-5587,"928 Johnson Square Apt. 279
South Susanton, GU 91817",N,miles
49,Bobby Kelly,032-30-2523,"USCGC Mathis
FPO AE 03186",N,miles
50,Michelle Mckinney,258-43-2235,"669 Estrada Bridge
Andrewsberg, NC 58398",N,miles
51,Ryan Sullivan,485-73-4734,"66215 Kristin Stream Apt. 068
Colemouth, OR 86759",Y,hours
52,Alexander Johnson,201-41-2683,"92265 Stacy Wall Suite 325
Davidhaven, WA 51519",N,miles
53,Randy Gaines,444-95-3928,"409 Thompson Pike
Sparksside, FL 05657",Y,miles
54,David Gallagher,733-52-4402,"422 Figueroa Prairie Apt. 761
New Carlos, IA 28936",Y,miles
55,David Norris,297-50-6381,"PSC 5516, Box 1724
APO AP 88094",N,hours
56,Kelsey Figueroa,677-59-0740,"206 Wright Canyon Suite 708
Munozbury, UT 45533",N,miles
57,Jo Edwards,638-66-2076,"068 Patterson Inlet
Carterborough, KY 22022",N,hours
58,Lori Hall,222-60-2615,"7426 Nelson Hills
West Meghan, FL 28624",N,hours
59,Kristen Schroeder,733-36-3524,"6965 Taylor Ports Apt. 768
Susanburgh, MO 09752",Y,miles
60,Carl Mack,754-66-1900,"5528 Christy Haven Suite 328
Perezmouth, IA 67967",Y,miles
61,Jade Wood,325-64-6454,"315 Johnson Fields Suite 078
New Timothyhaven, OR 71275",Y,miles
62,Julia Evans,014-36-0245,"8052 Peterson Common Suite 765
West Paulamouth, RI 51190",Y,miles
63,Matthew Parker,639-64-4157,"7802 Joel Shores Suite 897
West Ashley, IL 20224",N,hours
64,Justin Obrien,018-08-5698,"039 Ryan Avenue
Lawsonbury, NY 16544",Y,miles
65,Thomas Mendez,251-64-6375,"0873 Potts Neck
Oscarmouth, PR 57899",Y,hours
66,Jill Burns,298-83-2771,"PSC 4996, Box 9315
APO AA 87325",N,hours
67,Teresa Sullivan,823-60-6959,"693 Hansen Greens Suite 988
South Barbara, IN 77375",N,miles
68,Brenda Cochran,126-20-2687,"0772 Turner Trafficway
East Lorimouth, VA 84777",Y,miles
69,Luis Doyle,022-16-3088,"USNS Sanford
FPO AE 10801",N,miles
70,Samantha Clark,500-29-2720,"585 Alexander Alley
Hatfieldchester, IL 68759",N,hours
71,Amy Jackson,157-37-8646,"3537 Kayla Crossroad
East Tylerchester, GA 08704",Y,hours
72,Steve Wright,632-25-5389,"41860 Adam Rapid
Marcusfurt, NV 18766",Y,hours
73,Matthew Cunningham,096-66-9366,"75938 Rachael Parkway
Michaeltown, IL 51274",N,hours
74,Vanessa Durham,740-21-7232,"17332 Dana Estate
New Vickiview, MN 92252",N,hours
75,Rachel Hughes,205-50-3889,"362 Erickson Pines Apt. 706
Martinezmouth, NM 55576",N,miles
76,Anthony Hall,018-63-4038,"108 Nancy Points
Amyborough, NV 53848",N,hours
77,Michelle Strong,006-22-5286,"805 William Stream
Rodneytown, SC 95249",Y,miles
78,Angel Rich,596-39-0998,"12715 Huber Landing Suite 004
South Mike, PA 47638",N,miles
79,John Perez,491-82-5727,"96856 Wilson Club Apt. 094
South Kelly, NM 67421",Y,miles
80,Rebecca Morrison,141-68-1160,"4262 Kirk Cove
East Alicia, CT 26434",Y,miles
81,Robin Lamb,631-70-6428,"3010 Williams Loaf
Lewishaven, IL 36281",Y,hours
82,Jordan Maxwell,110-87-9713,"582 David Court
Jasminefort, MS 35923",N,miles
83,Rebecca Stewart,841-34-4142,"4712 Johnson Loop
Julieville, SD 27082",N,miles
84,Jennifer Cox,586-89-5149,"49525 Villa Trail
Jacquelinemouth, NE 25186",Y,miles
85,Timothy Morrow,390-66-2737,"214 Suzanne Ports
East Wendyton, ME 07375",N,hours
86,Monica Harris,896-66-7135,"78301 Phillip Forks
North Sethchester, NY 56328",Y,miles
87,Dana Buckley,109-92-4988,"0556 Mullins Expressway Suite 056
North Ashleymouth, MD 45149",N,miles
88,Ricky Harris,840-09-1972,"9960 Nguyen Roads
South Shelia, VA 26456",N,hours
89,Sheila Howard,646-23-2848,"USNV Lindsey
FPO AA 65012",N,hours
90,Stephen Francis,797-35-2585,"790 Lopez Pass Suite 079
Lake Christopher, NH 38956",N,hours
91,Omar Butler,349-86-5607,"4447 Tina Drive
New Amanda, NM 17014",Y,miles
92,Stephanie Stout,408-76-9515,"576 Harris Ranch
Dennisberg, VI 66791",Y,hours
93,Michael Bush,881-30-0116,"7166 Simmons Square
Port Ruth, OK 47588",N,hours
94,Michael Zamora,557-66-4081,"02487 Guerrero Key
Nicolaschester, NM 60793",N,miles
95,John Werner,594-69-7110,"4823 Lowery Lakes
New Josemouth, HI 62116",Y,hours
96,George Flores,414-29-6479,"8515 Malone Fords
New Danielstad, AK 47368",N,miles
97,Dylan Hernandez,131-32-3342,"410 Li Park
Larsonbury, TN 71379",Y,miles
98,Geoffrey Trujillo,812-51-1444,"538 Wagner Creek
Lake Ricky, MI 62355",Y,hours
99,Thomas Adams,188-65-7093,"163 Schroeder Isle
Lake Jenniferstad, MA 64954",N,miles
100,Matthew Schroeder,229-28-4505,"962 Cowan Lock
Scottfurt, KY 16204",Y,hours
101,Mr. Fernando Vargas Jr.,436-99-3968,"7398 Crystal Crossroad
Santosview, CA 88219",Y,hours
102,Tyler Acosta,031-16-3219,"PSC 7648, Box 1247
APO AE 32281",Y,miles
103,David Browning,210-08-2163,"2105 Sawyer Key
Lake Courtney, ME 33059",N,miles
104,Yolanda Perez,553-24-5378,"69760 Nelson Track
Johnstad, IA 91037",Y,miles
105,Charles Lewis,002-21-1956,"800 Walls Corners
West Samuel, MO 33797",N,miles
106,Cody Brown,566-59-4302,"259 Stephanie Plains
Lake Brianstad, MT 91536",Y,miles
107,Lauren Stevens,015-91-8562,"056 Shannon Station Apt. 495
Christinefurt, VA 40968",N,hours
108,Sheila Ruiz,583-20-9385,"0670 Harris Green
Jaymouth, MP 01040",Y,miles
109,Melissa Brown,432-58-6339,"38553 Paul Alley
North Carolineville, OK 17633",Y,hours
